,zipcode,County,County_Name
7096,32609,12001,Alachua
7097,32622,12001,Alachua
7098,32633,12001,Alachua
7099,32044,12001,Alachua
7100,32612,12001,Alachua
7101,32601,12001,Alachua
7102,32658,12001,Alachua
7103,32654,12001,Alachua
7104,32662,12001,Alachua
7105,32608,12001,Alachua
7106,32618,12001,Alachua
7107,32627,12001,Alachua
7108,32635,12001,Alachua
7109,32631,12001,Alachua
7110,32605,12001,Alachua
7111,32694,12001,Alachua
7112,32614,12001,Alachua
7113,32611,12001,Alachua
7114,32643,12001,Alachua
7115,32606,12001,Alachua
7116,32640,12001,Alachua
7117,32667,12001,Alachua
7118,32669,12001,Alachua
7119,32603,12001,Alachua
7120,32641,12001,Alachua
7121,32653,12001,Alachua
7122,32604,12001,Alachua
7123,32607,12001,Alachua
7124,32615,12001,Alachua
7125,32666,12001,Alachua
7126,32610,12001,Alachua
7127,32087,12003,Baker
7128,32040,12003,Baker
7129,32234,12003,Baker
7130,32063,12003,Baker
7131,32456,12005,Bay
7132,32402,12005,Bay
7133,32407,12005,Bay
7134,32408,12005,Bay
7135,32466,12005,Bay
7136,32417,12005,Bay
7137,32413,12005,Bay
7138,32405,12005,Bay
7139,32403,12005,Bay
7140,32438,12005,Bay
7141,32411,12005,Bay
7142,32410,12005,Bay
7143,32404,12005,Bay
7144,32406,12005,Bay
7145,32461,12005,Bay
7146,32462,12005,Bay
7147,32437,12005,Bay
7148,32409,12005,Bay
7149,32444,12005,Bay
7150,32401,12005,Bay
7151,32026,12007,Bradford
7152,32622,12007,Bradford
7153,32042,12007,Bradford
7154,32091,12007,Bradford
7155,32666,12007,Bradford
7156,32058,12007,Bradford
7157,32656,12007,Bradford
7158,32083,12007,Bradford
7159,32054,12007,Bradford
7160,32044,12007,Bradford
7161,32694,12007,Bradford
7162,32949,12009,Brevard
7163,32904,12009,Brevard
7164,32907,12009,Brevard
7165,32956,12009,Brevard
7166,32911,12009,Brevard
7167,32925,12009,Brevard
7168,32923,12009,Brevard
7169,32775,12009,Brevard
7170,32927,12009,Brevard
7171,32934,12009,Brevard
7172,32783,12009,Brevard
7173,32899,12009,Brevard
7174,32908,12009,Brevard
7175,32941,12009,Brevard
7176,32926,12009,Brevard
7177,32937,12009,Brevard
7178,32950,12009,Brevard
7179,32951,12009,Brevard
7180,32780,12009,Brevard
7181,32922,12009,Brevard
7182,32912,12009,Brevard
7183,32906,12009,Brevard
7184,32936,12009,Brevard
7185,32952,12009,Brevard
7186,32954,12009,Brevard
7187,32796,12009,Brevard
7188,32754,12009,Brevard
7189,32905,12009,Brevard
7190,32901,12009,Brevard
7191,32932,12009,Brevard
7192,32959,12009,Brevard
7193,32935,12009,Brevard
7194,32940,12009,Brevard
7195,32902,12009,Brevard
7196,32781,12009,Brevard
7197,32815,12009,Brevard
7198,32903,12009,Brevard
7199,32920,12009,Brevard
7200,32910,12009,Brevard
7201,32924,12009,Brevard
7202,32953,12009,Brevard
7203,32955,12009,Brevard
7204,32931,12009,Brevard
7205,32976,12009,Brevard
7206,32909,12009,Brevard
7207,33351,12011,Broward
7208,33065,12011,Broward
7209,33067,12011,Broward
7210,33069,12011,Broward
7211,33071,12011,Broward
7212,33021,12011,Broward
7213,33024,12011,Broward
7214,33027,12011,Broward
7215,33028,12011,Broward
7216,33443,12011,Broward
7217,33308,12011,Broward
7218,33394,12011,Broward
7219,33064,12011,Broward
7220,33066,12011,Broward
7221,33026,12011,Broward
7222,33313,12011,Broward
7223,33334,12011,Broward
7224,33328,12011,Broward
7225,33061,12011,Broward
7226,33068,12011,Broward
7227,33063,12011,Broward
7228,33083,12011,Broward
7229,33029,12011,Broward
7230,33441,12011,Broward
7231,33315,12011,Broward
7232,33325,12011,Broward
7233,33309,12011,Broward
7234,33345,12011,Broward
7235,33327,12011,Broward
7236,33312,12011,Broward
7237,33314,12011,Broward
7238,33306,12011,Broward
7239,33331,12011,Broward
7240,33335,12011,Broward
7241,33388,12011,Broward
7242,33022,12011,Broward
7243,33307,12011,Broward
7244,33359,12011,Broward
7245,33097,12011,Broward
7246,33020,12011,Broward
7247,33321,12011,Broward
7248,33322,12011,Broward
7249,33323,12011,Broward
7250,33305,12011,Broward
7251,33338,12011,Broward
7252,33179,12011,Broward
7253,33018,12011,Broward
7254,33076,12011,Broward
7255,33009,12011,Broward
7256,33304,12011,Broward
7257,33316,12011,Broward
7258,33326,12011,Broward
7259,33060,12011,Broward
7260,33023,12011,Broward
7261,33004,12011,Broward
7262,33008,12011,Broward
7263,33324,12011,Broward
7264,33311,12011,Broward
7265,33317,12011,Broward
7266,33093,12011,Broward
7267,33346,12011,Broward
7268,33081,12011,Broward
7269,33075,12011,Broward
7270,33073,12011,Broward
7271,33074,12011,Broward
7272,33019,12011,Broward
7273,33442,12011,Broward
7274,33319,12011,Broward
7275,33330,12011,Broward
7276,33302,12011,Broward
7277,33318,12011,Broward
7278,33329,12011,Broward
7279,33339,12011,Broward
7280,33082,12011,Broward
7281,33062,12011,Broward
7282,33025,12011,Broward
7283,33301,12011,Broward
7284,33332,12011,Broward
7285,33320,12011,Broward
7286,33310,12011,Broward
7287,33355,12011,Broward
7288,33077,12011,Broward
7289,33084,12011,Broward
7290,33348,12011,Broward
7291,33056,12011,Broward
7292,32448,12013,Calhoun
7293,32421,12013,Calhoun
7294,32442,12013,Calhoun
7295,32424,12013,Calhoun
7296,32430,12013,Calhoun
7297,32420,12013,Calhoun
7298,32466,12013,Calhoun
7299,32438,12013,Calhoun
7300,32465,12013,Calhoun
7301,32449,12013,Calhoun
7302,33948,12015,Charlotte
7303,33981,12015,Charlotte
7304,33982,12015,Charlotte
7305,33938,12015,Charlotte
7306,33917,12015,Charlotte
7307,33955,12015,Charlotte
7308,33947,12015,Charlotte
7309,33952,12015,Charlotte
7310,33983,12015,Charlotte
7311,33946,12015,Charlotte
7312,33950,12015,Charlotte
7313,33951,12015,Charlotte
7314,33954,12015,Charlotte
7315,33949,12015,Charlotte
7316,34266,12015,Charlotte
7317,34224,12015,Charlotte
7318,33953,12015,Charlotte
7319,33980,12015,Charlotte
7320,34269,12015,Charlotte
7321,34287,12015,Charlotte
7322,34223,12015,Charlotte
7323,34442,12017,Citrus
7324,34487,12017,Citrus
7325,34453,12017,Citrus
7326,34436,12017,Citrus
7327,34447,12017,Citrus
7328,34433,12017,Citrus
7329,34423,12017,Citrus
7330,34428,12017,Citrus
7331,34429,12017,Citrus
7332,34441,12017,Citrus
7333,34445,12017,Citrus
7334,34601,12017,Citrus
7335,34448,12017,Citrus
7336,34446,12017,Citrus
7337,34434,12017,Citrus
7338,34460,12017,Citrus
7339,34451,12017,Citrus
7340,34449,12017,Citrus
7341,34452,12017,Citrus
7342,34464,12017,Citrus
7343,34450,12017,Citrus
7344,34461,12017,Citrus
7345,34465,12017,Citrus
7346,32006,12019,Clay
7347,32050,12019,Clay
7348,32160,12019,Clay
7349,32091,12019,Clay
7350,32234,12019,Clay
7351,32666,12019,Clay
7352,32067,12019,Clay
7353,32140,12019,Clay
7354,32073,12019,Clay
7355,32079,12019,Clay
7356,32003,12019,Clay
7357,32058,12019,Clay
7358,32065,12019,Clay
7359,32068,12019,Clay
7360,32043,12019,Clay
7361,32656,12019,Clay
7362,34134,12021,Collier
7363,34116,12021,Collier
7364,34119,12021,Collier
7365,34138,12021,Collier
7366,34145,12021,Collier
7367,34120,12021,Collier
7368,34142,12021,Collier
7369,34102,12021,Collier
7370,34106,12021,Collier
7371,34101,12021,Collier
7372,34135,12021,Collier
7373,34109,12021,Collier
7374,34112,12021,Collier
7375,34114,12021,Collier
7376,34107,12021,Collier
7377,34139,12021,Collier
7378,34108,12021,Collier
7379,34110,12021,Collier
7380,34117,12021,Collier
7381,34141,12021,Collier
7382,34113,12021,Collier
7383,34103,12021,Collier
7384,34146,12021,Collier
7385,34140,12021,Collier
7386,34104,12021,Collier
7387,34105,12021,Collier
7388,32061,12023,Columbia
7389,32087,12023,Columbia
7390,32096,12023,Columbia
7391,32038,12023,Columbia
7392,32643,12023,Columbia
7393,32094,12023,Columbia
7394,32055,12023,Columbia
7395,32024,12023,Columbia
7396,32025,12023,Columbia
7397,32056,12023,Columbia
7398,34266,12027,DeSoto
7399,34269,12027,DeSoto
7400,34267,12027,DeSoto
7401,33865,12027,DeSoto
7402,34268,12027,DeSoto
7403,32648,12029,Dixie
7404,32628,12029,Dixie
7405,32359,12029,Dixie
7406,32008,12029,Dixie
7407,32692,12029,Dixie
7408,32680,12029,Dixie
7409,32205,12031,Duval
7410,32266,12031,Duval
7411,32239,12031,Duval
7412,32229,12031,Duval
7413,32084,12031,Duval
7414,32225,12031,Duval
7415,32245,12031,Duval
7416,32254,12031,Duval
7417,32240,12031,Duval
7418,32214,12031,Duval
7419,32209,12031,Duval
7420,32208,12031,Duval
7421,32204,12031,Duval
7422,32246,12031,Duval
7423,32233,12031,Duval
7424,32224,12031,Duval
7425,32258,12031,Duval
7426,32228,12031,Duval
7427,32210,12031,Duval
7428,32217,12031,Duval
7429,32218,12031,Duval
7430,32219,12031,Duval
7431,32221,12031,Duval
7432,32206,12031,Duval
7433,32234,12031,Duval
7434,32277,12031,Duval
7435,32241,12031,Duval
7436,32212,12031,Duval
7437,32227,12031,Duval
7438,32099,12031,Duval
7439,32073,12031,Duval
7440,32223,12031,Duval
7441,32202,12031,Duval
7442,32235,12031,Duval
7443,32255,12031,Duval
7444,32238,12031,Duval
7445,32216,12031,Duval
7446,32257,12031,Duval
7447,32256,12031,Duval
7448,32081,12031,Duval
7449,32222,12031,Duval
7450,32220,12031,Duval
7451,32226,12031,Duval
7452,32250,12031,Duval
7453,32247,12031,Duval
7454,32082,12031,Duval
7455,32207,12031,Duval
7456,32211,12031,Duval
7457,32244,12031,Duval
7458,32236,12031,Duval
7459,32203,12031,Duval
7460,32501,12033,Escambia
7461,32505,12033,Escambia
7462,32504,12033,Escambia
7463,32561,12033,Escambia
7464,32503,12033,Escambia
7465,32516,12033,Escambia
7466,32560,12033,Escambia
7467,32520,12033,Escambia
7468,32506,12033,Escambia
7469,32508,12033,Escambia
7470,32512,12033,Escambia
7471,32559,12033,Escambia
7472,32511,12033,Escambia
7473,32502,12033,Escambia
7474,32534,12033,Escambia
7475,32507,12033,Escambia
7476,32513,12033,Escambia
7477,32533,12033,Escambia
7478,32535,12033,Escambia
7479,32577,12033,Escambia
7480,32514,12033,Escambia
7481,32524,12033,Escambia
7482,32522,12033,Escambia
7483,32509,12033,Escambia
7484,32526,12033,Escambia
7485,32523,12033,Escambia
7486,32591,12033,Escambia
7487,32568,12033,Escambia
7488,32145,12035,Flagler
7489,32137,12035,Flagler
7490,32143,12035,Flagler
7491,32164,12035,Flagler
7492,32135,12035,Flagler
7493,32174,12035,Flagler
7494,32110,12035,Flagler
7495,32136,12035,Flagler
7496,32080,12035,Flagler
7497,32322,12037,Franklin
7498,32358,12037,Franklin
7499,32320,12037,Franklin
7500,32328,12037,Franklin
7501,32321,12037,Franklin
7502,32346,12037,Franklin
7503,32351,12039,Gadsden
7504,32343,12039,Gadsden
7505,32330,12039,Gadsden
7506,32352,12039,Gadsden
7507,32324,12039,Gadsden
7508,32332,12039,Gadsden
7509,32333,12039,Gadsden
7510,32643,12041,Gilchrist
7511,32669,12041,Gilchrist
7512,32008,12041,Gilchrist
7513,32693,12041,Gilchrist
7514,32619,12041,Gilchrist
7515,33935,12043,Glades
7516,33960,12043,Glades
7517,33944,12043,Glades
7518,34974,12043,Glades
7519,33471,12043,Glades
7520,34972,12043,Glades
7521,32465,12045,Gulf
7522,32456,12045,Gulf
7523,32052,12047,Hamilton
7524,32096,12047,Hamilton
7525,32053,12047,Hamilton
7526,33873,12049,Hardee
7527,33865,12049,Hardee
7528,33834,12049,Hardee
7529,33890,12049,Hardee
7530,33471,12051,Hendry
7531,33935,12051,Hendry
7532,34142,12051,Hendry
7533,33930,12051,Hendry
7534,33440,12051,Hendry
7535,33975,12051,Hendry
7536,33936,12051,Hendry
7537,34605,12053,Hernando
7538,34609,12053,Hernando
7539,34601,12053,Hernando
7540,34636,12053,Hernando
7541,34608,12053,Hernando
7542,34614,12053,Hernando
7543,34606,12053,Hernando
7544,34661,12053,Hernando
7545,34613,12053,Hernando
7546,33523,12053,Hernando
7547,34602,12053,Hernando
7548,33597,12053,Hernando
7549,34603,12053,Hernando
7550,34607,12053,Hernando
7551,34611,12053,Hernando
7552,34604,12053,Hernando
7553,33852,12055,Highlands
7554,33871,12055,Highlands
7555,33870,12055,Highlands
7556,33876,12055,Highlands
7557,33857,12055,Highlands
7558,33872,12055,Highlands
7559,33875,12055,Highlands
7560,33960,12055,Highlands
7561,34266,12055,Highlands
7562,33825,12055,Highlands
7563,33862,12055,Highlands
7564,34974,12055,Highlands
7565,33511,12057,Hillsborough
7566,33603,12057,Hillsborough
7567,33609,12057,Hillsborough
7568,33566,12057,Hillsborough
7569,33594,12057,Hillsborough
7570,33559,12057,Hillsborough
7571,33685,12057,Hillsborough
7572,33810,12057,Hillsborough
7573,33673,12057,Hillsborough
7574,33571,12057,Hillsborough
7575,33672,12057,Hillsborough
7576,33508,12057,Hillsborough
7577,33637,12057,Hillsborough
7578,33606,12057,Hillsborough
7579,33565,12057,Hillsborough
7580,33578,12057,Hillsborough
7581,33563,12057,Hillsborough
7582,33572,12057,Hillsborough
7583,33568,12057,Hillsborough
7584,33530,12057,Hillsborough
7585,33527,12057,Hillsborough
7586,33614,12057,Hillsborough
7587,33618,12057,Hillsborough
7588,33634,12057,Hillsborough
7589,33616,12057,Hillsborough
7590,33596,12057,Hillsborough
7591,33604,12057,Hillsborough
7592,33595,12057,Hillsborough
7593,33601,12057,Hillsborough
7594,33587,12057,Hillsborough
7595,33619,12057,Hillsborough
7596,33622,12057,Hillsborough
7597,33647,12057,Hillsborough
7598,33610,12057,Hillsborough
7599,33584,12057,Hillsborough
7600,33592,12057,Hillsborough
7601,33613,12057,Hillsborough
7602,33564,12057,Hillsborough
7603,33573,12057,Hillsborough
7604,33556,12057,Hillsborough
7605,33612,12057,Hillsborough
7606,33569,12057,Hillsborough
7607,33620,12057,Hillsborough
7608,33689,12057,Hillsborough
7609,33860,12057,Hillsborough
7610,33617,12057,Hillsborough
7611,33626,12057,Hillsborough
7612,33687,12057,Hillsborough
7613,33611,12057,Hillsborough
7614,33549,12057,Hillsborough
7615,33680,12057,Hillsborough
7616,33677,12057,Hillsborough
7617,33540,12057,Hillsborough
7618,33534,12057,Hillsborough
7619,33674,12057,Hillsborough
7620,33621,12057,Hillsborough
7621,33607,12057,Hillsborough
7622,33598,12057,Hillsborough
7623,33567,12057,Hillsborough
7624,33679,12057,Hillsborough
7625,33681,12057,Hillsborough
7626,33682,12057,Hillsborough
7627,33630,12057,Hillsborough
7628,33503,12057,Hillsborough
7629,33615,12057,Hillsborough
7630,33635,12057,Hillsborough
7631,33684,12057,Hillsborough
7632,33558,12057,Hillsborough
7633,33570,12057,Hillsborough
7634,33605,12057,Hillsborough
7635,33602,12057,Hillsborough
7636,33579,12057,Hillsborough
7637,33509,12057,Hillsborough
7638,33583,12057,Hillsborough
7639,33550,12057,Hillsborough
7640,33646,12057,Hillsborough
7641,33675,12057,Hillsborough
7642,33510,12057,Hillsborough
7643,33625,12057,Hillsborough
7644,33629,12057,Hillsborough
7645,33624,12057,Hillsborough
7646,33688,12057,Hillsborough
7647,33547,12057,Hillsborough
7648,33548,12057,Hillsborough
7649,33694,12057,Hillsborough
7650,33623,12057,Hillsborough
7651,33586,12057,Hillsborough
7652,32452,12059,Holmes
7653,32440,12059,Holmes
7654,32425,12059,Holmes
7655,32455,12059,Holmes
7656,32464,12059,Holmes
7657,32962,12061,Indian River
7658,32971,12061,Indian River
7659,32967,12061,Indian River
7660,32957,12061,Indian River
7661,32964,12061,Indian River
7662,32969,12061,Indian River
7663,32965,12061,Indian River
7664,32978,12061,Indian River
7665,32948,12061,Indian River
7666,32958,12061,Indian River
7667,32961,12061,Indian River
7668,32963,12061,Indian River
7669,32966,12061,Indian River
7670,32968,12061,Indian River
7671,32960,12061,Indian River
7672,32970,12061,Indian River
7673,32432,12063,Jackson
7674,32446,12063,Jackson
7675,32428,12063,Jackson
7676,32420,12063,Jackson
7677,32431,12063,Jackson
7678,32440,12063,Jackson
7679,32448,12063,Jackson
7680,32442,12063,Jackson
7681,32423,12063,Jackson
7682,32426,12063,Jackson
7683,32443,12063,Jackson
7684,32445,12063,Jackson
7685,32460,12063,Jackson
7686,32447,12063,Jackson
7687,32344,12065,Jefferson
7688,32336,12065,Jefferson
7689,32345,12065,Jefferson
7690,32331,12065,Jefferson
7691,32309,12065,Jefferson
7692,32337,12065,Jefferson
7693,32361,12065,Jefferson
7694,32066,12067,Lafayette
7695,32008,12067,Lafayette
7696,32702,12069,Lake
7697,32158,12069,Lake
7698,34711,12069,Lake
7699,34788,12069,Lake
7700,32756,12069,Lake
7701,32195,12069,Lake
7702,34789,12069,Lake
7703,32736,12069,Lake
7704,34712,12069,Lake
7705,34737,12069,Lake
7706,34736,12069,Lake
7707,34713,12069,Lake
7708,32162,12069,Lake
7709,34729,12069,Lake
7710,34748,12069,Lake
7711,32735,12069,Lake
7712,32757,12069,Lake
7713,32778,12069,Lake
7714,32776,12069,Lake
7715,32767,12069,Lake
7716,34797,12069,Lake
7717,34756,12069,Lake
7718,32726,12069,Lake
7719,34705,12069,Lake
7720,34753,12069,Lake
7721,32784,12069,Lake
7722,34787,12069,Lake
7723,34755,12069,Lake
7724,34762,12069,Lake
7725,32102,12069,Lake
7726,32720,12069,Lake
7727,32159,12069,Lake
7728,32727,12069,Lake
7729,34714,12069,Lake
7730,34715,12069,Lake
7731,34731,12069,Lake
7732,34749,12069,Lake
7733,33904,12071,Lee
7734,33910,12071,Lee
7735,33993,12071,Lee
7736,33971,12071,Lee
7737,33917,12071,Lee
7738,33970,12071,Lee
7739,34110,12071,Lee
7740,34136,12071,Lee
7741,33907,12071,Lee
7742,33903,12071,Lee
7743,33928,12071,Lee
7744,33919,12071,Lee
7745,33931,12071,Lee
7746,33929,12071,Lee
7747,33905,12071,Lee
7748,33913,12071,Lee
7749,33922,12071,Lee
7750,33915,12071,Lee
7751,33932,12071,Lee
7752,33955,12071,Lee
7753,33911,12071,Lee
7754,33965,12071,Lee
7755,33914,12071,Lee
7756,33991,12071,Lee
7757,33966,12071,Lee
7758,33976,12071,Lee
7759,34119,12071,Lee
7760,34142,12071,Lee
7761,33921,12071,Lee
7762,33901,12071,Lee
7763,33902,12071,Lee
7764,33908,12071,Lee
7765,34134,12071,Lee
7766,33972,12071,Lee
7767,33990,12071,Lee
7768,33916,12071,Lee
7769,33967,12071,Lee
7770,33909,12071,Lee
7771,33906,12071,Lee
7772,33974,12071,Lee
7773,33957,12071,Lee
7774,33956,12071,Lee
7775,33912,12071,Lee
7776,33973,12071,Lee
7777,33918,12071,Lee
7778,34133,12071,Lee
7779,33994,12071,Lee
7780,34135,12071,Lee
7781,33920,12071,Lee
7782,33936,12071,Lee
7783,33924,12071,Lee
7784,33945,12071,Lee
7785,32399,12073,Leon
7786,32313,12073,Leon
7787,32310,12073,Leon
7788,32308,12073,Leon
7789,32302,12073,Leon
7790,32309,12073,Leon
7791,32318,12073,Leon
7792,32306,12073,Leon
7793,32395,12073,Leon
7794,32314,12073,Leon
7795,32304,12073,Leon
7796,32312,12073,Leon
7797,32317,12073,Leon
7798,32315,12073,Leon
7799,32316,12073,Leon
7800,32327,12073,Leon
7801,32307,12073,Leon
7802,32305,12073,Leon
7803,32362,12073,Leon
7804,32301,12073,Leon
7805,32303,12073,Leon
7806,32311,12073,Leon
7807,32626,12075,Levy
7808,32693,12075,Levy
7809,32683,12075,Levy
7810,32621,12075,Levy
7811,32644,12075,Levy
7812,32618,12075,Levy
7813,32668,12075,Levy
7814,34449,12075,Levy
7815,32696,12075,Levy
7816,34498,12075,Levy
7817,32669,12075,Levy
7818,32639,12075,Levy
7819,32625,12075,Levy
7820,34431,12075,Levy
7821,32334,12077,Liberty
7822,32360,12077,Liberty
7823,32321,12077,Liberty
7824,32340,12079,Madison
7825,32059,12079,Madison
7826,32331,12079,Madison
7827,32350,12079,Madison
7828,32336,12079,Madison
7829,34217,12081,Manatee
7830,34243,12081,Manatee
7831,34270,12081,Manatee
7832,34250,12081,Manatee
7833,33865,12081,Manatee
7834,34222,12081,Manatee
7835,34201,12081,Manatee
7836,34282,12081,Manatee
7837,34204,12081,Manatee
7838,34209,12081,Manatee
7839,34211,12081,Manatee
7840,34206,12081,Manatee
7841,34264,12081,Manatee
7842,34280,12081,Manatee
7843,34266,12081,Manatee
7844,34205,12081,Manatee
7845,34208,12081,Manatee
7846,34202,12081,Manatee
7847,34221,12081,Manatee
7848,34210,12081,Manatee
7849,34212,12081,Manatee
7850,34216,12081,Manatee
7851,34219,12081,Manatee
7852,34240,12081,Manatee
7853,33834,12081,Manatee
7854,34228,12081,Manatee
7855,34203,12081,Manatee
7856,34220,12081,Manatee
7857,33598,12081,Manatee
7858,34260,12081,Manatee
7859,34207,12081,Manatee
7860,34215,12081,Manatee
7861,34251,12081,Manatee
7862,32696,12083,Marion
7863,34474,12083,Marion
7864,34476,12083,Marion
7865,32113,12083,Marion
7866,32702,12083,Marion
7867,34483,12083,Marion
7868,32133,12083,Marion
7869,32664,12083,Marion
7870,32667,12083,Marion
7871,34432,12083,Marion
7872,34473,12083,Marion
7873,34488,12083,Marion
7874,34484,12083,Marion
7875,34430,12083,Marion
7876,32182,12083,Marion
7877,32681,12083,Marion
7878,32668,12083,Marion
7879,32195,12083,Marion
7880,34492,12083,Marion
7881,32686,12083,Marion
7882,34475,12083,Marion
7883,34479,12083,Marion
7884,32179,12083,Marion
7885,34489,12083,Marion
7886,32634,12083,Marion
7887,32663,12083,Marion
7888,34491,12083,Marion
7889,34470,12083,Marion
7890,34480,12083,Marion
7891,32134,12083,Marion
7892,32784,12083,Marion
7893,34478,12083,Marion
7894,32192,12083,Marion
7895,34420,12083,Marion
7896,34431,12083,Marion
7897,32162,12083,Marion
7898,32111,12083,Marion
7899,32617,12083,Marion
7900,34481,12083,Marion
7901,34482,12083,Marion
7902,34472,12083,Marion
7903,34471,12083,Marion
7904,34477,12083,Marion
7905,34996,12085,Martin
7906,34992,12085,Martin
7907,33458,12085,Martin
7908,33478,12085,Martin
7909,34995,12085,Martin
7910,33438,12085,Martin
7911,33455,12085,Martin
7912,34957,12085,Martin
7913,34994,12085,Martin
7914,34990,12085,Martin
7915,33469,12085,Martin
7916,34997,12085,Martin
7917,34991,12085,Martin
7918,34958,12085,Martin
7919,34956,12085,Martin
7920,33475,12085,Martin
7921,34974,12085,Martin
7922,33193,12086,Miami-Dade
7923,33185,12086,Miami-Dade
7924,33190,12086,Miami-Dade
7925,33122,12086,Miami-Dade
7926,33092,12086,Miami-Dade
7927,33138,12086,Miami-Dade
7928,33149,12086,Miami-Dade
7929,33023,12086,Miami-Dade
7930,33206,12086,Miami-Dade
7931,33177,12086,Miami-Dade
7932,33180,12086,Miami-Dade
7933,33175,12086,Miami-Dade
7934,33178,12086,Miami-Dade
7935,33172,12086,Miami-Dade
7936,33179,12086,Miami-Dade
7937,33156,12086,Miami-Dade
7938,33140,12086,Miami-Dade
7939,33144,12086,Miami-Dade
7940,33135,12086,Miami-Dade
7941,33137,12086,Miami-Dade
7942,33146,12086,Miami-Dade
7943,33010,12086,Miami-Dade
7944,33265,12086,Miami-Dade
7945,33242,12086,Miami-Dade
7946,33257,12086,Miami-Dade
7947,33165,12086,Miami-Dade
7948,33182,12086,Miami-Dade
7949,33162,12086,Miami-Dade
7950,33176,12086,Miami-Dade
7951,33055,12086,Miami-Dade
7952,33032,12086,Miami-Dade
7953,33116,12086,Miami-Dade
7954,33142,12086,Miami-Dade
7955,33129,12086,Miami-Dade
7956,33153,12086,Miami-Dade
7957,33136,12086,Miami-Dade
7958,33154,12086,Miami-Dade
7959,33128,12086,Miami-Dade
7960,33157,12086,Miami-Dade
7961,33013,12086,Miami-Dade
7962,33030,12086,Miami-Dade
7963,33197,12086,Miami-Dade
7964,33222,12086,Miami-Dade
7965,33164,12086,Miami-Dade
7966,33269,12086,Miami-Dade
7967,33192,12086,Miami-Dade
7968,33163,12086,Miami-Dade
7969,33039,12086,Miami-Dade
7970,33161,12086,Miami-Dade
7971,33168,12086,Miami-Dade
7972,33187,12086,Miami-Dade
7973,33189,12086,Miami-Dade
7974,33033,12086,Miami-Dade
7975,33056,12086,Miami-Dade
7976,33125,12086,Miami-Dade
7977,33133,12086,Miami-Dade
7978,33141,12086,Miami-Dade
7979,33014,12086,Miami-Dade
7980,33261,12086,Miami-Dade
7981,33243,12086,Miami-Dade
7982,33266,12086,Miami-Dade
7983,33199,12086,Miami-Dade
7984,33167,12086,Miami-Dade
7985,33170,12086,Miami-Dade
7986,33196,12086,Miami-Dade
7987,33181,12086,Miami-Dade
7988,33034,12086,Miami-Dade
7989,33143,12086,Miami-Dade
7990,33152,12086,Miami-Dade
7991,33132,12086,Miami-Dade
7992,33158,12086,Miami-Dade
7993,33015,12086,Miami-Dade
7994,33016,12086,Miami-Dade
7995,33002,12086,Miami-Dade
7996,33245,12086,Miami-Dade
7997,33238,12086,Miami-Dade
7998,33184,12086,Miami-Dade
7999,33169,12086,Miami-Dade
8000,33126,12086,Miami-Dade
8001,33109,12086,Miami-Dade
8002,33090,12086,Miami-Dade
8003,33150,12086,Miami-Dade
8004,33130,12086,Miami-Dade
8005,33017,12086,Miami-Dade
8006,33256,12086,Miami-Dade
8007,33296,12086,Miami-Dade
8008,33119,12086,Miami-Dade
8009,33231,12086,Miami-Dade
8010,33255,12086,Miami-Dade
8011,33198,12086,Miami-Dade
8012,33195,12086,Miami-Dade
8013,33191,12086,Miami-Dade
8014,33106,12086,Miami-Dade
8015,33186,12086,Miami-Dade
8016,33174,12086,Miami-Dade
8017,33160,12086,Miami-Dade
8018,33173,12086,Miami-Dade
8019,33054,12086,Miami-Dade
8020,33035,12086,Miami-Dade
8021,33127,12086,Miami-Dade
8022,33101,12086,Miami-Dade
8023,33145,12086,Miami-Dade
8024,33147,12086,Miami-Dade
8025,33134,12086,Miami-Dade
8026,33031,12086,Miami-Dade
8027,33283,12086,Miami-Dade
8028,33234,12086,Miami-Dade
8029,33011,12086,Miami-Dade
8030,33183,12086,Miami-Dade
8031,33166,12086,Miami-Dade
8032,33194,12086,Miami-Dade
8033,33114,12086,Miami-Dade
8034,33155,12086,Miami-Dade
8035,33131,12086,Miami-Dade
8036,33139,12086,Miami-Dade
8037,33018,12086,Miami-Dade
8038,33012,12086,Miami-Dade
8039,33233,12086,Miami-Dade
8040,33280,12086,Miami-Dade
8041,33239,12086,Miami-Dade
8042,33247,12086,Miami-Dade
8043,33124,12086,Miami-Dade
8044,33112,12086,Miami-Dade
8045,33043,12087,Monroe
8046,33001,12087,Monroe
8047,33037,12087,Monroe
8048,33050,12087,Monroe
8049,33051,12087,Monroe
8050,33042,12087,Monroe
8051,33052,12087,Monroe
8052,33045,12087,Monroe
8053,33034,12087,Monroe
8054,33070,12087,Monroe
8055,33036,12087,Monroe
8056,33040,12087,Monroe
8057,33041,12087,Monroe
8058,32034,12089,Nassau
8059,32009,12089,Nassau
8060,32011,12089,Nassau
8061,32046,12089,Nassau
8062,32041,12089,Nassau
8063,32035,12089,Nassau
8064,32234,12089,Nassau
8065,32097,12089,Nassau
8066,32579,12091,Okaloosa
8067,32580,12091,Okaloosa
8068,32547,12091,Okaloosa
8069,32588,12091,Okaloosa
8070,32541,12091,Okaloosa
8071,32536,12091,Okaloosa
8072,32548,12091,Okaloosa
8073,32539,12091,Okaloosa
8074,32578,12091,Okaloosa
8075,32531,12091,Okaloosa
8076,32549,12091,Okaloosa
8077,32564,12091,Okaloosa
8078,32542,12091,Okaloosa
8079,32544,12091,Okaloosa
8080,32569,12091,Okaloosa
8081,32540,12091,Okaloosa
8082,32567,12091,Okaloosa
8083,34973,12093,Okeechobee
8084,34974,12093,Okeechobee
8085,34972,12093,Okeechobee
8086,32792,12095,Orange
8087,32805,12095,Orange
8088,32826,12095,Orange
8089,32703,12095,Orange
8090,34747,12095,Orange
8091,32862,12095,Orange
8092,32835,12095,Orange
8093,32837,12095,Orange
8094,32872,12095,Orange
8095,32824,12095,Orange
8096,32836,12095,Orange
8097,34734,12095,Orange
8098,32757,12095,Orange
8099,32733,12095,Orange
8100,32855,12095,Orange
8101,32765,12095,Orange
8102,32807,12095,Orange
8103,32867,12095,Orange
8104,32820,12095,Orange
8105,34786,12095,Orange
8106,32798,12095,Orange
8107,32868,12095,Orange
8108,32704,12095,Orange
8109,32777,12095,Orange
8110,34777,12095,Orange
8111,32834,12095,Orange
8112,32803,12095,Orange
8113,32804,12095,Orange
8114,32812,12095,Orange
8115,32768,12095,Orange
8116,32878,12095,Orange
8117,32831,12095,Orange
8118,34740,12095,Orange
8119,32789,12095,Orange
8120,32809,12095,Orange
8121,32806,12095,Orange
8122,32832,12095,Orange
8123,32811,12095,Orange
8124,32817,12095,Orange
8125,32833,12095,Orange
8126,32827,12095,Orange
8127,32814,12095,Orange
8128,32819,12095,Orange
8129,32712,12095,Orange
8130,34760,12095,Orange
8131,32790,12095,Orange
8132,32856,12095,Orange
8133,32877,12095,Orange
8134,32861,12095,Orange
8135,32794,12095,Orange
8136,32816,12095,Orange
8137,32854,12095,Orange
8138,32710,12095,Orange
8139,32801,12095,Orange
8140,32828,12095,Orange
8141,32829,12095,Orange
8142,32830,12095,Orange
8143,32858,12095,Orange
8144,34778,12095,Orange
8145,32776,12095,Orange
8146,32808,12095,Orange
8147,32821,12095,Orange
8148,32825,12095,Orange
8149,32709,12095,Orange
8150,34761,12095,Orange
8151,32859,12095,Orange
8152,32751,12095,Orange
8153,32793,12095,Orange
8154,32839,12095,Orange
8155,32810,12095,Orange
8156,32818,12095,Orange
8157,32822,12095,Orange
8158,32857,12095,Orange
8159,32860,12095,Orange
8160,32853,12095,Orange
8161,32869,12095,Orange
8162,34787,12095,Orange
8163,32802,12095,Orange
8164,34758,12097,Osceola
8165,34741,12097,Osceola
8166,34771,12097,Osceola
8167,34773,12097,Osceola
8168,34742,12097,Osceola
8169,34744,12097,Osceola
8170,34745,12097,Osceola
8171,34772,12097,Osceola
8172,33896,12097,Osceola
8173,34747,12097,Osceola
8174,34770,12097,Osceola
8175,33897,12097,Osceola
8176,32821,12097,Osceola
8177,34743,12097,Osceola
8178,34769,12097,Osceola
8179,34739,12097,Osceola
8180,34759,12097,Osceola
8181,33837,12097,Osceola
8182,34972,12097,Osceola
8183,34746,12097,Osceola
8184,33848,12097,Osceola
8185,32837,12097,Osceola
8186,33404,12099,Palm Beach
8187,33409,12099,Palm Beach
8188,33408,12099,Palm Beach
8189,33470,12099,Palm Beach
8190,33472,12099,Palm Beach
8191,33461,12099,Palm Beach
8192,33484,12099,Palm Beach
8193,33458,12099,Palm Beach
8194,33466,12099,Palm Beach
8195,33486,12099,Palm Beach
8196,33493,12099,Palm Beach
8197,33482,12099,Palm Beach
8198,33425,12099,Palm Beach
8199,33488,12099,Palm Beach
8200,33431,12099,Palm Beach
8201,33415,12099,Palm Beach
8202,33419,12099,Palm Beach
8203,33498,12099,Palm Beach
8204,33468,12099,Palm Beach
8205,33473,12099,Palm Beach
8206,33424,12099,Palm Beach
8207,33411,12099,Palm Beach
8208,33437,12099,Palm Beach
8209,33410,12099,Palm Beach
8210,33435,12099,Palm Beach
8211,33467,12099,Palm Beach
8212,33483,12099,Palm Beach
8213,33444,12099,Palm Beach
8214,33497,12099,Palm Beach
8215,33464,12099,Palm Beach
8216,33499,12099,Palm Beach
8217,33416,12099,Palm Beach
8218,33480,12099,Palm Beach
8219,33462,12099,Palm Beach
8220,33449,12099,Palm Beach
8221,33474,12099,Palm Beach
8222,33448,12099,Palm Beach
8223,33407,12099,Palm Beach
8224,33433,12099,Palm Beach
8225,33406,12099,Palm Beach
8226,33405,12099,Palm Beach
8227,33429,12099,Palm Beach
8228,33402,12099,Palm Beach
8229,33420,12099,Palm Beach
8230,33469,12099,Palm Beach
8231,33478,12099,Palm Beach
8232,33496,12099,Palm Beach
8233,33427,12099,Palm Beach
8234,33465,12099,Palm Beach
8235,33422,12099,Palm Beach
8236,33428,12099,Palm Beach
8237,33430,12099,Palm Beach
8238,33403,12099,Palm Beach
8239,33477,12099,Palm Beach
8240,33421,12099,Palm Beach
8241,33454,12099,Palm Beach
8242,33426,12099,Palm Beach
8243,33401,12099,Palm Beach
8244,33418,12099,Palm Beach
8245,33414,12099,Palm Beach
8246,33417,12099,Palm Beach
8247,33434,12099,Palm Beach
8248,33463,12099,Palm Beach
8249,33446,12099,Palm Beach
8250,33445,12099,Palm Beach
8251,33481,12099,Palm Beach
8252,33438,12099,Palm Beach
8253,33459,12099,Palm Beach
8254,33432,12099,Palm Beach
8255,33413,12099,Palm Beach
8256,33436,12099,Palm Beach
8257,33412,12099,Palm Beach
8258,33476,12099,Palm Beach
8259,33460,12099,Palm Beach
8260,33487,12099,Palm Beach
8261,33440,12099,Palm Beach
8262,33559,12101,Pasco
8263,34668,12101,Pasco
8264,34652,12101,Pasco
8265,34674,12101,Pasco
8266,34689,12101,Pasco
8267,33544,12101,Pasco
8268,34610,12101,Pasco
8269,34654,12101,Pasco
8270,34639,12101,Pasco
8271,33593,12101,Pasco
8272,33537,12101,Pasco
8273,33549,12101,Pasco
8274,33556,12101,Pasco
8275,34667,12101,Pasco
8276,34673,12101,Pasco
8277,33574,12101,Pasco
8278,34679,12101,Pasco
8279,33525,12101,Pasco
8280,33526,12101,Pasco
8281,33539,12101,Pasco
8282,34692,12101,Pasco
8283,33524,12101,Pasco
8284,33540,12101,Pasco
8285,33545,12101,Pasco
8286,34655,12101,Pasco
8287,34690,12101,Pasco
8288,34656,12101,Pasco
8289,33576,12101,Pasco
8290,34680,12101,Pasco
8291,33523,12101,Pasco
8292,33542,12101,Pasco
8293,33541,12101,Pasco
8294,33558,12101,Pasco
8295,34691,12101,Pasco
8296,34637,12101,Pasco
8297,33597,12101,Pasco
8298,34653,12101,Pasco
8299,34669,12101,Pasco
8300,33548,12101,Pasco
8301,34604,12101,Pasco
8302,33543,12101,Pasco
8303,34638,12101,Pasco
8304,33849,12101,Pasco
8305,33709,12103,Pinellas
8306,33707,12103,Pinellas
8307,33713,12103,Pinellas
8308,33762,12103,Pinellas
8309,33778,12103,Pinellas
8310,33764,12103,Pinellas
8311,34698,12103,Pinellas
8312,33779,12103,Pinellas
8313,33706,12103,Pinellas
8314,33786,12103,Pinellas
8315,33772,12103,Pinellas
8316,33785,12103,Pinellas
8317,33761,12103,Pinellas
8318,33755,12103,Pinellas
8319,33743,12103,Pinellas
8320,34695,12103,Pinellas
8321,34684,12103,Pinellas
8322,34660,12103,Pinellas
8323,33626,12103,Pinellas
8324,33714,12103,Pinellas
8325,33773,12103,Pinellas
8326,33770,12103,Pinellas
8327,33766,12103,Pinellas
8328,34689,12103,Pinellas
8329,33732,12103,Pinellas
8330,33784,12103,Pinellas
8331,33734,12103,Pinellas
8332,33741,12103,Pinellas
8333,33759,12103,Pinellas
8334,33776,12103,Pinellas
8335,33781,12103,Pinellas
8336,33756,12103,Pinellas
8337,33747,12103,Pinellas
8338,34685,12103,Pinellas
8339,34677,12103,Pinellas
8340,33733,12103,Pinellas
8341,33710,12103,Pinellas
8342,33703,12103,Pinellas
8343,33702,12103,Pinellas
8344,33763,12103,Pinellas
8345,34682,12103,Pinellas
8346,33742,12103,Pinellas
8347,33731,12103,Pinellas
8348,33775,12103,Pinellas
8349,33780,12103,Pinellas
8350,34697,12103,Pinellas
8351,33712,12103,Pinellas
8352,33701,12103,Pinellas
8353,33715,12103,Pinellas
8354,33771,12103,Pinellas
8355,33774,12103,Pinellas
8356,33767,12103,Pinellas
8357,34688,12103,Pinellas
8358,33738,12103,Pinellas
8359,33729,12103,Pinellas
8360,33704,12103,Pinellas
8361,33705,12103,Pinellas
8362,33708,12103,Pinellas
8363,33782,12103,Pinellas
8364,33765,12103,Pinellas
8365,33760,12103,Pinellas
8366,33758,12103,Pinellas
8367,34683,12103,Pinellas
8368,33730,12103,Pinellas
8369,33716,12103,Pinellas
8370,33711,12103,Pinellas
8371,33777,12103,Pinellas
8372,33744,12103,Pinellas
8373,33757,12103,Pinellas
8374,33736,12103,Pinellas
8375,34681,12103,Pinellas
8376,33859,12105,Polk
8377,33853,12105,Polk
8378,33880,12105,Polk
8379,33868,12105,Polk
8380,33846,12105,Polk
8381,33885,12105,Polk
8382,33877,12105,Polk
8383,33820,12105,Polk
8384,33805,12105,Polk
8385,33810,12105,Polk
8386,33860,12105,Polk
8387,33843,12105,Polk
8388,33863,12105,Polk
8389,33856,12105,Polk
8390,33801,12105,Polk
8391,33841,12105,Polk
8392,33883,12105,Polk
8393,33851,12105,Polk
8394,33813,12105,Polk
8395,33815,12105,Polk
8396,33834,12105,Polk
8397,33897,12105,Polk
8398,33837,12105,Polk
8399,33898,12105,Polk
8400,33884,12105,Polk
8401,33803,12105,Polk
8402,33811,12105,Polk
8403,33830,12105,Polk
8404,33823,12105,Polk
8405,33881,12105,Polk
8406,33882,12105,Polk
8407,33547,12105,Polk
8408,33807,12105,Polk
8409,33896,12105,Polk
8410,33844,12105,Polk
8411,33838,12105,Polk
8412,33806,12105,Polk
8413,33849,12105,Polk
8414,33836,12105,Polk
8415,33840,12105,Polk
8416,33825,12105,Polk
8417,33867,12105,Polk
8418,33835,12105,Polk
8419,33855,12105,Polk
8420,33809,12105,Polk
8421,33812,12105,Polk
8422,33839,12105,Polk
8423,33850,12105,Polk
8424,33845,12105,Polk
8425,34759,12105,Polk
8426,33802,12105,Polk
8427,33847,12105,Polk
8428,33827,12105,Polk
8429,33804,12105,Polk
8430,33854,12105,Polk
8431,33858,12105,Polk
8432,34714,12105,Polk
8433,33831,12105,Polk
8434,32640,12107,Putnam
8435,32139,12107,Putnam
8436,32112,12107,Putnam
8437,32138,12107,Putnam
8438,32177,12107,Putnam
8439,32007,12107,Putnam
8440,32140,12107,Putnam
8441,32189,12107,Putnam
8442,32185,12107,Putnam
8443,32656,12107,Putnam
8444,32666,12107,Putnam
8445,32043,12107,Putnam
8446,32134,12107,Putnam
8447,32145,12107,Putnam
8448,32147,12107,Putnam
8449,32131,12107,Putnam
8450,32187,12107,Putnam
8451,32148,12107,Putnam
8452,32181,12107,Putnam
8453,32193,12107,Putnam
8454,32081,12109,St. Johns
8455,32092,12109,St. Johns
8456,32004,12109,St. Johns
8457,32145,12109,St. Johns
8458,32260,12109,St. Johns
8459,32084,12109,St. Johns
8460,32224,12109,St. Johns
8461,32033,12109,St. Johns
8462,32086,12109,St. Johns
8463,32095,12109,St. Johns
8464,32080,12109,St. Johns
8465,32259,12109,St. Johns
8466,32082,12109,St. Johns
8467,32085,12109,St. Johns
8468,32131,12109,St. Johns
8469,32250,12109,St. Johns
8470,34947,12111,St. Lucie
8471,34950,12111,St. Lucie
8472,34979,12111,St. Lucie
8473,34983,12111,St. Lucie
8474,34987,12111,St. Lucie
8475,34948,12111,St. Lucie
8476,34982,12111,St. Lucie
8477,34981,12111,St. Lucie
8478,34988,12111,St. Lucie
8479,34951,12111,St. Lucie
8480,34957,12111,St. Lucie
8481,34990,12111,St. Lucie
8482,34954,12111,St. Lucie
8483,34972,12111,St. Lucie
8484,34949,12111,St. Lucie
8485,34945,12111,St. Lucie
8486,34986,12111,St. Lucie
8487,34952,12111,St. Lucie
8488,34974,12111,St. Lucie
8489,34946,12111,St. Lucie
8490,34953,12111,St. Lucie
8491,34984,12111,St. Lucie
8492,34985,12111,St. Lucie
8493,32572,12113,Santa Rosa
8494,32530,12113,Santa Rosa
8495,32531,12113,Santa Rosa
8496,32564,12113,Santa Rosa
8497,32561,12113,Santa Rosa
8498,32571,12113,Santa Rosa
8499,32563,12113,Santa Rosa
8500,32570,12113,Santa Rosa
8501,32562,12113,Santa Rosa
8502,32565,12113,Santa Rosa
8503,32569,12113,Santa Rosa
8504,32583,12113,Santa Rosa
8505,32566,12113,Santa Rosa
8506,34231,12115,Sarasota
8507,34237,12115,Sarasota
8508,34275,12115,Sarasota
8509,34230,12115,Sarasota
8510,34295,12115,Sarasota
8511,34235,12115,Sarasota
8512,34236,12115,Sarasota
8513,34239,12115,Sarasota
8514,34242,12115,Sarasota
8515,34240,12115,Sarasota
8516,34233,12115,Sarasota
8517,34238,12115,Sarasota
8518,34292,12115,Sarasota
8519,34249,12115,Sarasota
8520,34266,12115,Sarasota
8521,34234,12115,Sarasota
8522,34289,12115,Sarasota
8523,34241,12115,Sarasota
8524,34223,12115,Sarasota
8525,34272,12115,Sarasota
8526,34251,12115,Sarasota
8527,34286,12115,Sarasota
8528,34288,12115,Sarasota
8529,34284,12115,Sarasota
8530,34293,12115,Sarasota
8531,34285,12115,Sarasota
8532,34287,12115,Sarasota
8533,34228,12115,Sarasota
8534,34243,12115,Sarasota
8535,34276,12115,Sarasota
8536,34277,12115,Sarasota
8537,34291,12115,Sarasota
8538,34232,12115,Sarasota
8539,34274,12115,Sarasota
8540,34229,12115,Sarasota
8541,34290,12115,Sarasota
8542,34224,12115,Sarasota
8543,32792,12117,Seminole
8544,32707,12117,Seminole
8545,32701,12117,Seminole
8546,32751,12117,Seminole
8547,32716,12117,Seminole
8548,32799,12117,Seminole
8549,32747,12117,Seminole
8550,32750,12117,Seminole
8551,32795,12117,Seminole
8552,32752,12117,Seminole
8553,32714,12117,Seminole
8554,32703,12117,Seminole
8555,32718,12117,Seminole
8556,32766,12117,Seminole
8557,32771,12117,Seminole
8558,32708,12117,Seminole
8559,32719,12117,Seminole
8560,32732,12117,Seminole
8561,32791,12117,Seminole
8562,32765,12117,Seminole
8563,32779,12117,Seminole
8564,32730,12117,Seminole
8565,32762,12117,Seminole
8566,32746,12117,Seminole
8567,32773,12117,Seminole
8568,32772,12117,Seminole
8569,32715,12117,Seminole
8570,34785,12119,Sumter
8571,34491,12119,Sumter
8572,34484,12119,Sumter
8573,34731,12119,Sumter
8574,32162,12119,Sumter
8575,33513,12119,Sumter
8576,33585,12119,Sumter
8577,32163,12119,Sumter
8578,32159,12119,Sumter
8579,33538,12119,Sumter
8580,33514,12119,Sumter
8581,33597,12119,Sumter
8582,33521,12119,Sumter
8583,32062,12121,Suwannee
8584,32024,12121,Suwannee
8585,32071,12121,Suwannee
8586,32094,12121,Suwannee
8587,32060,12121,Suwannee
8588,32064,12121,Suwannee
8589,32096,12121,Suwannee
8590,32008,12121,Suwannee
8591,32348,12123,Taylor
8592,32347,12123,Taylor
8593,32359,12123,Taylor
8594,32357,12123,Taylor
8595,32331,12123,Taylor
8596,32336,12123,Taylor
8597,32356,12123,Taylor
8598,32054,12125,Union
8599,32058,12125,Union
8600,32083,12125,Union
8601,32697,12125,Union
8602,32738,12127,Volusia
8603,32744,12127,Volusia
8604,32753,12127,Volusia
8605,32190,12127,Volusia
8606,32115,12127,Volusia
8607,32114,12127,Volusia
8608,32118,12127,Volusia
8609,32132,12127,Volusia
8610,32102,12127,Volusia
8611,32774,12127,Volusia
8612,32720,12127,Volusia
8613,32174,12127,Volusia
8614,32176,12127,Volusia
8615,32728,12127,Volusia
8616,32124,12127,Volusia
8617,32724,12127,Volusia
8618,32141,12127,Volusia
8619,32739,12127,Volusia
8620,32706,12127,Volusia
8621,32117,12127,Volusia
8622,32764,12127,Volusia
8623,32725,12127,Volusia
8624,32125,12127,Volusia
8625,32127,12127,Volusia
8626,32763,12127,Volusia
8627,32759,12127,Volusia
8628,32173,12127,Volusia
8629,32119,12127,Volusia
8630,32754,12127,Volusia
8631,32121,12127,Volusia
8632,32175,12127,Volusia
8633,32120,12127,Volusia
8634,32129,12127,Volusia
8635,32713,12127,Volusia
8636,32721,12127,Volusia
8637,32723,12127,Volusia
8638,32180,12127,Volusia
8639,32126,12127,Volusia
8640,32136,12127,Volusia
8641,32105,12127,Volusia
8642,32732,12127,Volusia
8643,32130,12127,Volusia
8644,32128,12127,Volusia
8645,32168,12127,Volusia
8646,32169,12127,Volusia
8647,32122,12127,Volusia
8648,32170,12127,Volusia
8649,32112,12127,Volusia
8650,32198,12127,Volusia
8651,32355,12129,Wakulla
8652,32327,12129,Wakulla
8653,32326,12129,Wakulla
8654,32346,12129,Wakulla
8655,32358,12129,Wakulla
8656,32433,12131,Walton
8657,32539,12131,Walton
8658,32435,12131,Walton
8659,32464,12131,Walton
8660,32567,12131,Walton
8661,32462,12131,Walton
8662,32538,12131,Walton
8663,32407,12131,Walton
8664,32459,12131,Walton
8665,32550,12131,Walton
8666,32439,12131,Walton
8667,32455,12131,Walton
8668,32461,12131,Walton
8669,32578,12131,Walton
8670,32422,12131,Walton
8671,32437,12133,Washington
8672,32420,12133,Washington
8673,32466,12133,Washington
8674,32428,12133,Washington
8675,32425,12133,Washington
8676,32431,12133,Washington
8677,32427,12133,Washington
8678,32463,12133,Washington
8679,32462,12133,Washington
